<metadata xml:lang="en"><Esri><CreaDate>20110216</CreaDate><CreaTime>16225500</CreaTime><ArcGISFormat>1.0</ArcGISFormat><SyncOnce>FALSE</SyncOnce><DataProperties><itemProps><itemName Sync="TRUE">May_31_1942</itemName><imsContentType Sync="TRUE">002</imsContentType><nativeExtBox><westBL Sync="TRUE">-3402222.794900</westBL><eastBL Sync="TRUE">3488770.502600</eastBL><southBL Sync="TRUE">208800.101650</southBL><northBL Sync="TRUE">5977196.816550</northBL><exTypeCode Sync="TRUE">1</exTypeCode></nativeExtBox><itemSize Sync="TRUE">5.564</itemSize><itemLocation><linkage Sync="TRUE">file://\\sul-koala\SpatialHistory\Lab_Projects\Holocaust_Geographies\Boundary Scans\Shapefiles_Geocommons\MapShaped_1Feb2011\temp\May_31_1942.shp</linkage><protocol Sync="TRUE">Local Area Network</protocol></itemLocation></itemProps><coordRef><type Sync="TRUE">Projected</type><geogcsn Sync="TRUE">GCS_European_1950</geogcsn><projcsn Sync="TRUE">Europe_Albers_Equal_Area_Conic</projcsn><peXml Sync="TRUE">&lt;ProjectedCoordinateSystem xsi:type='typens:ProjectedCoordinateSystem' xmlns:xsi='http://www.w3.org/2001/XMLSchema-instance' xmlns:xs='http://www.w3.org/2001/XMLSchema' xmlns:typens='http://www.esri.com/schemas/ArcGIS/10.0'&gt;&lt;WKT&gt;PROJCS[&amp;quot;Europe_Albers_Equal_Area_Conic&amp;quot;,GEOGCS[&amp;quot;GCS_European_1950&amp;quot;,DATUM[&amp;quot;D_European_1950&amp;quot;,SPHEROID[&amp;quot;International_1924&amp;quot;,6378388.0,297.0]],PRIMEM[&amp;quot;Greenwich&amp;quot;,0.0],UNIT[&amp;quot;Degree&amp;quot;,0.0174532925199433]],PROJECTION[&amp;quot;Albers&amp;quot;],PARAMETER[&amp;quot;False_Easting&amp;quot;,0.0],PARAMETER[&amp;quot;False_Northing&amp;quot;,0.0],PARAMETER[&amp;quot;Central_Meridian&amp;quot;,10.0],PARAMETER[&amp;quot;Standard_Parallel_1&amp;quot;,43.0],PARAMETER[&amp;quot;Standard_Parallel_2&amp;quot;,62.0],PARAMETER[&amp;quot;Latitude_Of_Origin&amp;quot;,30.0],UNIT[&amp;quot;Meter&amp;quot;,1.0],AUTHORITY[&amp;quot;ESRI&amp;quot;,102013]]&lt;/WKT&gt;&lt;XOrigin&gt;-14490700&lt;/XOrigin&gt;&lt;YOrigin&gt;-7106100&lt;/YOrigin&gt;&lt;XYScale&gt;310792413.57356751&lt;/XYScale&gt;&lt;ZOrigin&gt;-100000&lt;/ZOrigin&gt;&lt;ZScale&gt;10000&lt;/ZScale&gt;&lt;MOrigin&gt;-100000&lt;/MOrigin&gt;&lt;MScale&gt;10000&lt;/MScale&gt;&lt;XYTolerance&gt;0.001&lt;/XYTolerance&gt;&lt;ZTolerance&gt;0.001&lt;/ZTolerance&gt;&lt;MTolerance&gt;0.001&lt;/MTolerance&gt;&lt;HighPrecision&gt;true&lt;/HighPrecision&gt;&lt;WKID&gt;102013&lt;/WKID&gt;&lt;/ProjectedCoordinateSystem&gt;</peXml></coordRef></DataProperties><SyncDate>20110216</SyncDate><SyncTime>16230100</SyncTime><ModDate>20110216</ModDate><ModTime>16230100</ModTime></Esri><mdLang><languageCode value="en"/></mdLang><mdHrLv><ScopeCd value="005"/></mdHrLv><mdStanName>ArcGIS Metadata</mdStanName><mdStanVer>1.0</mdStanVer><dataIdInfo><idCitation><presForm><PresFormCd value="005"/></presForm><resTitle Sync="TRUE">May_31_1942</resTitle></idCitation><dataExt><geoEle><GeoBndBox esriExtentType="search"><westBL Sync="TRUE">-76.290556</westBL><eastBL Sync="TRUE">96.934460</eastBL><northBL Sync="TRUE">90.000000</northBL><southBL Sync="TRUE">24.320105</southBL><exTypeCode Sync="TRUE">1</exTypeCode></GeoBndBox></geoEle></dataExt><dataExt><geoEle><GeoBndBox esriExtentType="search"><westBL Sync="TRUE">-76.290556</westBL><eastBL Sync="TRUE">96.934460</eastBL><northBL Sync="TRUE">90.000000</northBL><southBL Sync="TRUE">24.320105</southBL><exTypeCode Sync="TRUE">1</exTypeCode></GeoBndBox></geoEle></dataExt><geoBox esriExtentType="decdegrees"/><idPurp>This dataset documents monthly European border changes during World War II, 1938-1945. </idPurp><idAbs>&lt;DIV STYLE="text-align:Left;"&gt;&lt;DIV&gt;&lt;DIV&gt;&lt;P&gt;&lt;SPAN&gt;This dataset documents monthly European border changes during World War II, 1938-1945. Each layer provides a monthly snapshot in time of the state of European borders over the course of WWII. Month to month border changes are recorded only in the event of an annexation of territory (vs. military or civilian occupation, or alliance). While such a method is contentious and only partially representative of the on-the-ground experience, it was the most parsimonious method we could use given the lack of spatial data for territorial occupation and dispute. Occupations and other events for which we have little spatial reference are marked in the attributes of many features. The data are much better presented with accurate military front lines, data which has not been fully digitized but would constitute a valuable addition to the research.&lt;/SPAN&gt;&lt;/P&gt;&lt;P&gt;&lt;SPAN&gt;For further analyses and commentary, please visit Michael De Groot's article, "&lt;/SPAN&gt;&lt;A href="http://www.stanford.edu/group/spatialhistory/cgi-bin/site/pub.php?id=51"&gt;&lt;SPAN&gt;Building the New Order: 1938-1945&lt;/SPAN&gt;&lt;/A&gt;&lt;SPAN&gt;"&lt;/SPAN&gt;&lt;/P&gt;&lt;P&gt;&lt;SPAN&gt;Sources:&lt;/SPAN&gt;&lt;SPAN&gt;Source geography data includes Modern Europe data (ESRI) and dozens of scanned maps from the Library of Congress. For a listing of a access to source maps, contact the authors. Map content was supplemented by consulting historical texts.&lt;/SPAN&gt;&lt;/P&gt;&lt;P&gt;&lt;SPAN&gt;Methodology:&lt;/SPAN&gt;&lt;SPAN&gt;Modern European borders were used as a template, and then modifed using scanned + georectified historical maps from the Library of Congress and USHMM. &lt;/SPAN&gt;&lt;/P&gt;&lt;P&gt;&lt;SPAN&gt;First, based on historical research and visible changes in the borders across historical maps, we developed a feature class of territories which "changed" over the course of 1938-1945. Many areas changed multiple times and were given a new date stamped feature to represent each change, Changed regions were defined as those which were annexed to another country, or set up as a new entity that was not a nation-state and separate from its previous country. See "Territorial_Changes" Layer.&lt;/SPAN&gt;&lt;/P&gt;&lt;P&gt;&lt;SPAN&gt;Secondly, using the "Territorial_Changes" layer in combination with our February 1938 base geography we merged data on a month to month basis to form a complete map of Europe at each time slice. If no changes were observed in a given month, a new feature class was still created to reflect the state of the geography that month. Each feature class also includes attributes that briefly describe the historical context for given features.&lt;/SPAN&gt;&lt;/P&gt;&lt;P /&gt;&lt;/DIV&gt;&lt;/DIV&gt;&lt;/DIV&gt;</idAbs><idCredit>The study was conducted at Stanford's Spatial History Lab (spatialhistory.stanford.edu) in support of the Holocaust Geographies Project. The research was made possible through funding provided by NSF Award 0820501, Mellon Distinguished Professor Grant (Richard White), and the Vice Provost for Undergraduate Education at Stanford.

Historical research and digitization completed by Michael De Groot (mdegroot@stanford.edu) in Summer 2010. Technical support and project management by Erik Steiner (ebs110@stanford.edu). Additional support provided by Kathy Harris, Anne Knowles, Alberto Giordano, Marc Masurovsky, Pavel Ilyin, and others at the US Holocaust Memorial Museum and Center for Advanced Holocaust Studies. Military front line data provided by James Graham. Modern Europe data by ESRI.</idCredit><searchKeys><keyword>history</keyword><keyword>europe</keyword><keyword>borders</keyword><keyword>territory</keyword><keyword>World War II</keyword></searchKeys><resConst><Consts><useLimit>The reuse and adaptation of this data is encouraged for scholarly work. Its commercial use is strictly prohibited. Kindly inform the authors of any adaptations or modifications made to improve the quality of the data.</useLimit></Consts></resConst><descKeys><thesaName uuidref="723f6998-058e-11dc-8314-0800200c9a66"/><keyword Sync="TRUE">002</keyword></descKeys><spatRpType><SpatRepTypCd value="001"/></spatRpType><dataLang><languageCode value="en" country="US"/></dataLang><envirDesc Sync="TRUE">Microsoft Windows XP Version 5.1 (Build 2600) Service Pack 3; ESRI ArcGIS 10.0.0.2414</envirDesc></dataIdInfo><spatRepInfo><VectSpatRep><geometObjs Name="August_31_1940"><geoObjTyp><GeoObjTypCd value="002"/><geoObjCnt Sync="TRUE">41</geoObjCnt></geoObjTyp></geometObjs><geometObjs Name="June_30_1940"/><geometObjs Name="May_31_1945"/><geometObjs Name="September_30_1938"/><geometObjs Name="August_31_1941"/><geometObjs Name="April_30_1944"/><geometObjs Name="March_31_1938"/><geometObjs Name="November_30_1938"/><geometObjs Name="September_30_1939"/><geometObjs Name="August_31_1942"/><geometObjs Name="April_30_1941"/><geometObjs Name="March_31_1939"/><geometObjs Name="May_31_1940"/><geometObjs Name="July_31_1940"/><geometObjs Name="October_31_1938"/><geometObjs Name="November_30_1939"/><geometObjs Name="September_30_1943"/><geometObjs Name="September_30_1940"/><geometObjs Name="August_31_1944"/><geometObjs Name="April_30_1939"/><geometObjs Name="March_31_1940"/><geometObjs Name="May_31_1941"/><geometObjs Name="July_31_1941"/><geometObjs Name="October_31_1939"/><geometObjs Name="November_30_1942"/><geometObjs Name="September_30_1944"/><geometObjs Name="September_30_1941"/><geometObjs Name="September_30_1947"/><geometObjs Name="February_28_1938"/><geometObjs Name="June_30_1941"/><geometObjs Name="March_31_1941"/><geometObjs Name="April_30_1938"/><geometObjs Name="May_31_1938"/><geometObjs Name="June_30_1938"/><geometObjs Name="July_31_1938"/><geometObjs Name="August_30_1938"/><geometObjs Name="December_31_1938"/><geometObjs Name="January_31_1939"/><geometObjs Name="February_28_1939"/><geometObjs Name="May_31_1939"/><geometObjs Name="June_30_1939"/><geometObjs Name="July_31_1939"/><geometObjs Name="August_30_1939"/><geometObjs Name="December_31_1939"/><geometObjs Name="January_31_1940"/><geometObjs Name="February_28_1940"/><geometObjs Name="April_30_1940"/><geometObjs Name="October_31_1940"/><geometObjs Name="December_31_1940"/><geometObjs Name="January_31_1941"/><geometObjs Name="February_28_1941"/><geometObjs Name="November_30_1940"/><geometObjs Name="October_31_1941"/><geometObjs Name="December_31_1941"/><geometObjs Name="January_31_1942"/><geometObjs Name="February_28_1942"/><geometObjs Name="May_31_1942"/><geometObjs Name="April_30_1942"/><geometObjs Name="November_30_1941"/><geometObjs Name="June_30_1942"/><geometObjs Name="July_31_1942"/><geometObjs Name="September_30_1942"/><geometObjs Name="October_31_1942"/><geometObjs Name="December_31_1942"/><geometObjs Name="January_31_1943"/><geometObjs Name="February_28_1943"/><geometObjs Name="March_31_1943"/><geometObjs Name="April_30_1943"/><geometObjs Name="May_31_1943"/><geometObjs Name="June_30_1943"/><geometObjs Name="July_31_1943"/><geometObjs Name="August_31_1943"/><geometObjs Name="October_31_1943"/><geometObjs Name="November_30_1943"/><geometObjs Name="December_31_1943"/><geometObjs Name="January_31_1944"/><geometObjs Name="February_28_1944"/><geometObjs Name="March_31_1944"/><geometObjs Name="May_31_1944"/><geometObjs Name="June_30_1944"/><geometObjs Name="July_31_1944"/><geometObjs Name="October_31_1944"/><geometObjs Name="November_30_1944"/><geometObjs Name="December_31_1944"/><geometObjs Name="January_31_1945"/><geometObjs Name="February_28_1945"/><geometObjs Name="March_31_1945"/><geometObjs Name="April_30_1945"/><geometObjs Name="March_31_1942"/><topLvl><TopoLevCd value="001"/></topLvl></VectSpatRep></spatRepInfo><refSysInfo><RefSystem><refSysID><identCode code="102013"/><idCodeSpace Sync="TRUE">ESRI</idCodeSpace><idVersion Sync="TRUE">10.0.0</idVersion></refSysID></RefSystem></refSysInfo><distInfo><distFormat><formatName Sync="TRUE">Shapefile</formatName></distFormat><distTranOps><transSize Sync="TRUE">5.564</transSize></distTranOps></distInfo><mdHrLvName Sync="TRUE">dataset</mdHrLvName><spdoinfo><ptvctinf><esriterm Name="May_31_1942"><efeatyp Sync="TRUE">Simple</efeatyp><efeageom Sync="TRUE">4</efeageom><esritopo Sync="TRUE">FALSE</esritopo><efeacnt Sync="TRUE">41</efeacnt><spindex Sync="TRUE">FALSE</spindex><linrefer Sync="TRUE">FALSE</linrefer></esriterm></ptvctinf></spdoinfo><eainfo><detailed Name="May_31_1942"><enttyp><enttypl Sync="TRUE">May_31_1942</enttypl><enttypt Sync="TRUE">Feature Class</enttypt><enttypc Sync="TRUE">41</enttypc></enttyp><attr><attrlabl Sync="TRUE">FID</attrlabl><attalias Sync="TRUE">FID</attalias><attrtype Sync="TRUE">OID</attrtype><attwidth Sync="TRUE">4</attwidth><atprecis Sync="TRUE">0</atprecis><attscale Sync="TRUE">0</attscale><attrdef Sync="TRUE">Internal feature number.</attrdef><attrdefs Sync="TRUE">ESRI</attrdefs><attrdomv><udom Sync="TRUE">Sequential unique whole numbers that are automatically generated.</udom></attrdomv></attr><attr><attrlabl Sync="TRUE">Shape</attrlabl><attalias Sync="TRUE">Shape</attalias><attrtype Sync="TRUE">Geometry</attrtype><attwidth Sync="TRUE">0</attwidth><atprecis Sync="TRUE">0</atprecis><attscale Sync="TRUE">0</attscale><attrdef Sync="TRUE">Feature geometry.</attrdef><attrdefs Sync="TRUE">ESRI</attrdefs><attrdomv><udom Sync="TRUE">Coordinates defining the features.</udom></attrdomv></attr><attr><attrlabl Sync="TRUE">Name</attrlabl><attalias Sync="TRUE">Name</attalias><attrtype Sync="TRUE">String</attrtype><attwidth Sync="TRUE">100</attwidth><atprecis Sync="TRUE">0</atprecis><attscale Sync="TRUE">0</attscale></attr><attr><attrlabl Sync="TRUE">Foreign_Po</attrlabl><attalias Sync="TRUE">Foreign_Po</attalias><attrtype Sync="TRUE">String</attrtype><attwidth Sync="TRUE">254</attwidth><atprecis Sync="TRUE">0</atprecis><attscale Sync="TRUE">0</attscale></attr><attr><attrlabl Sync="TRUE">Head_of_St</attrlabl><attalias Sync="TRUE">Head_of_St</attalias><attrtype Sync="TRUE">String</attrtype><attwidth Sync="TRUE">100</attwidth><atprecis Sync="TRUE">0</atprecis><attscale Sync="TRUE">0</attscale></attr><attr><attrlabl Sync="TRUE">Govt_in_Ex</attrlabl><attalias Sync="TRUE">Govt_in_Ex</attalias><attrtype Sync="TRUE">String</attrtype><attwidth Sync="TRUE">100</attwidth><atprecis Sync="TRUE">0</atprecis><attscale Sync="TRUE">0</attscale></attr><attr><attrlabl Sync="TRUE">Shape_Leng</attrlabl><attalias Sync="TRUE">Shape_Leng</attalias><attrtype Sync="TRUE">Double</attrtype><attwidth Sync="TRUE">19</attwidth><atprecis Sync="TRUE">0</atprecis><attscale Sync="TRUE">0</attscale></attr><attr><attrlabl Sync="TRUE">Shape_Area</attrlabl><attalias Sync="TRUE">Shape_Area</attalias><attrtype Sync="TRUE">Double</attrtype><attwidth Sync="TRUE">19</attwidth><atprecis Sync="TRUE">0</atprecis><attscale Sync="TRUE">0</attscale><attrdef Sync="TRUE">Area of feature in internal units squared.</attrdef><attrdefs Sync="TRUE">ESRI</attrdefs><attrdomv><udom Sync="TRUE">Positive real numbers that are automatically generated.</udom></attrdomv></attr></detailed></eainfo><mdDateSt Sync="TRUE">20110216</mdDateSt></metadata>
